"variable","VIF"
"X1",7.98075189895232
"X2",5.84977441907903
"X3",5.63561309488925
"X4",6.55283136091187
"X5",1.12213703509076
