"variable","VIF"
"X1",8.02521526230185
"X2",5.80939077748617
"X3",5.68118800362353
"X4",6.57254065244301
"X5",1.12324476564393
